review_id,rating_date,review_year,review_month,employee_status,employee_type,employee_length,employee_location,job_title_bucket,flags_business_outlook,flags_ceo_approval,flags_recommend_friend,rating_overall,rating_work_life,rating_compensation_benefits,rating_senior_leadership,rating_career_opportunities,rating_culture_values,rating_diversity_inclusion,summary_cleaned,advice_to_management_cleaned,review_pros_cleaned,review_cons_cleaned,pros_polarity,pros_subjectivity,cons_polarity,cons_subjectivity,pros_sentiment_label,cons_sentiment_label
1,2025-06-03,2025,2025-06,Regular,Current Employee,0,"Richmond, VA",Associate,No Response,No Response,No Response,3,0,0,0,0,0,0,amazon,dont micro manage,not interactive leave take whenever long time easy work,inhumane draining physically mentally,0.1916666667,0.6166666667,-0.5,0.55,positive,negative
2,2025-05-29,2025,2025-05,Contract,"Current Employee, Less Than 1 Year",1,"Brampton, ON",Associate,Positive,Approve,Positive,4,3,5,3,5,5,5,good,remove attitude manager warehouse,good easy work environment,sticks rules completing targets otherwise get warning,0.5666666667,0.7166666667,0,0,positive,neutral
3,2025-05-28,2025,2025-05,Regular,"Current Employee, Less Than 1 Year",1,"Bolton, ON",Associate,Positive,Approve,Positive,5,5,5,5,5,5,5,good experience,,help grow good pay,limited opportunities advancementno clear path promotion,0.7,0.6,0.01428571429,0.2630952381,positive,neutral
4,2025-05-26,2025,2025-05,Part Time,Current Employees,2,"Swedesboro, NJ","Management, IT, RME, HR",Positive,Approve,Positive,3,2,2,2,3,2,2,dhdh,,plenty work meet new people,tough body labor intensive,0.1363636364,0.4545454545,-0.3888888889,0.8333333333,positive,negative
5,2025-05-23,2025,2025-05,Regular,Current Employee,0,"Whitby, ON",Associate,No Response,No Response,No Response,4,0,0,0,0,0,0,good pay rate,,good holiday pay additional benefits permanent employees,not hiring permanent employees directly,0.7,0.6,0.1,0.4,positive,neutral
6,2025-05-18,2025,2025-05,Regular,Former Employees,2,"Kenosha, WI",Associate,No Response,No Response,No Response,3,3,4,2,3,3,3,worst american sweat shop,,nice people great pay benefits,management not care employees hours way long,0.7,0.875,-0.05,0.4,positive,neutral
7,2025-05-17,2025,2025-05,Regular,Current Employees,4,"Oklahoma City, OK",Associate,Negative,No Opinion,Negative,4,3,5,5,4,4,4,warehouse,physical strength,learn lift trucks pallet jack flex schedule shifts,fast paced working environment weight lifting,0,0,0.2,0.6,neutral,positive
8,2025-05-15,2025,2025-05,Regular,Current Employee,0,Unknown,"Management, IT, RME, HR",No Response,No Response,No Response,2,1,3,2,4,2,4,less ideal,no,decent work wasnt miserable,people charge wasnt good,-0.4166666667,0.8333333333,0.7,0.6,negative,positive
9,2025-05-14,2025,2025-05,Regular,"Former Employee, Less Than 1 Year",1,"Clarksville, TN",Associate,No Response,No Response,No Response,3,0,4,0,3,0,0,amazon,get better,good pay not long hours,management absolutely terrible communicating,0.3625,0.5,-1,1,positive,negative
10,2025-05-14,2025,2025-05,Unknown,"Former Employee, Less Than 1 Year",1,"Appleton, WI",Associate,No Response,No Response,No Response,2,0,0,0,0,0,0,keep going keep trying,,workout regularly routine habit,work life less sleep,0,0.07692307692,-0.1666666667,0.06666666667,neutral,negative
11,2025-05-13,2025,2025-05,Regular,Former Employees,4,"Windsor, CT",Picker/Packer,Positive,Approve,Positive,5,5,5,4,4,5,5,amazon fulfillment center bdl,appreciation employees,tuition reimbursement schedule flexibility benefits salary overtime opportunities,standing hours noise safety hazards overworking get write ups not meeting rate expectations,0,0,0,0,neutral,neutral
12,2025-05-07,2025,2025-05,Regular,Current Employee,0,"Sparrows Point, MD","Management, IT, RME, HR",No Response,No Response,No Response,3,0,0,0,0,0,0,procons,,benefits great start immediately,workplace culture bad,0.8,0.75,-0.7,0.6666666667,positive,negative
13,2025-05-04,2025,2025-05,Regular,Former Employee,0,"Ajax, ON",Associate,No Response,No Response,No Response,5,0,0,0,0,0,0,warehouse associate,,good pay stressfree hard working,nightshift overtime no cons,0.2041666667,0.5708333333,0,0,positive,neutral
14,2025-05-04,2025,2025-05,Regular,Current Employees,2,"Louisville, TN",Associate,No Response,No Response,No Response,3,0,0,0,0,0,0,not worst,,day weeks good benefits ot usually available,physical job prepare tired,0.55,0.5,-0.2,0.4214285714,positive,negative
15,2025-04-27,2025,2025-04,Regular,"Former Employee, Less Than 1 Year",1,"Suffolk, VA","Management, IT, RME, HR",No Response,No Response,Positive,4,1,0,0,0,0,0,one full year employment,,good reference previous work,no cons knowledge,0.2666666667,0.3833333333,0,0,positive,neutral
16,2025-04-24,2025,2025-04,Regular,"Former Employee, Less Than 1 Year",1,"Hamilton, ON",Picker/Packer,Negative,Disapprove,Negative,2,3,3,1,3,1,1,worst experience ever,lose hiring bias know mean,people great,fired without notification one day badge didnt work wasting time bus fare,0.8,0.75,0,0,positive,neutral
17,2025-04-24,2025,2025-04,Part Time,"Former Employee, Less Than 1 Year",1,Unknown,"Management, IT, RME, HR",No Response,No Response,No Response,5,0,4,0,5,5,0,amazing expirience,,quality work lot learn,no contract extenscion hard find anything amazon,0,0,-0.2916666667,0.5416666667,neutral,negative
18,2025-04-23,2025,2025-04,Regular,Current Employees,2,"Ottawa, ON",Associate,Positive,Approve,Positive,3,3,5,5,5,5,5,good environment,,nice start students,not long term job,0.6,1,0.025,0.4,positive,neutral
19,2025-04-21,2025,2025-04,Part Time,Current Employee,0,"Durham, NC",Associate,No Response,No Response,No Response,4,0,0,0,0,0,0,good place,,flexible schedule felx,work feel repetitive boring,0,0,-0.625,0.625,neutral,negative
20,2025-04-19,2025,2025-04,Regular,Current Employees,2,"Reno, NV","Management, IT, RME, HR",Neutral,No Opinion,Positive,4,5,4,5,5,5,5,great,,nice place work nice hours night shift pmam upt pto vacation,favoritism like job,0.6,1,0,0,positive,neutral
21,2025-04-16,2025,2025-04,Regular,Former Employees,2,"Chicago, IL","Management, IT, RME, HR",Negative,No Opinion,Negative,3,1,3,4,2,3,4,okay part,get better scheduling,peak season good pay great hours,peak season leave struggling,0.75,0.675,0,0,positive,neutral
22,2025-04-15,2025,2025-04,Regular,Current Employees,4,"Cambridge, ON","Management, IT, RME, HR",No Response,No Response,Negative,4,2,4,3,4,5,5,good company work,,good pay process assistant,bit stressful honest tight workload station,0.7,0.6,0.2107142857,0.5928571429,positive,positive
23,2025-04-11,2025,2025-04,Regular,"Former Employee, Less Than 1 Year",1,Winsen (Luhe),"Management, IT, RME, HR",Negative,Disapprove,Negative,1,1,4,1,2,1,1,behandlung von mitarbeitern,das management gibt vor sich um sie zu kummern und sie kennen zu lernen und ihnen zu helfen wirklichkeit geht es aber darum sie auszubeuten und der schwebe zu halten,die bezahlung und die berufliche entwicklung die man durch die begegnung mit vielen menschen und das erlernen neuer prozesse erfahrt,dieser fc werden mitarbeiter und neueinstellungen wie nummern behandelt und sie versuchen dich loszuwerden wenn du ihren toxischen standards nicht mit den niedrigsten manieren gerecht wirst,0,0,0,0,neutral,neutral
24,2025-04-09,2025,2025-04,Regular,Former Employees,2,"Barrhaven, ON",Associate,Positive,Approve,Positive,4,4,5,4,4,5,5,good benefits management,,wage increase month great fulltime benefits work perks discount venngo,warehouse repetitive work corporation like layout dull great people management,0.8,0.75,0.08611111111,0.5,positive,neutral
25,2025-04-08,2025,2025-04,Regular,Current Employees,2,"Hamilton, ON",Associate,No Response,No Response,No Response,4,3,5,5,3,4,2,pretty good working amazon,,good wages warehouse associate,working environment gets little bit noisy,0.7,0.6,-0.1875,0.5,positive,negative
26,2025-04-02,2025,2025-04,Regular,"Current Employee, Less Than 1 Year",1,"Saint Peters, MO",Picker/Packer,Negative,Disapprove,Negative,1,1,1,1,1,1,1,avoid working cost,,always hours available anytime pay,long hours minimal light write bathroom breaks mandatory overtime little no heads place drains emotionally physically,0.4,0.4,0.0125,0.4685714286,positive,neutral
27,2025-04-01,2025,2025-04,Part Time,Current Employee,0,"Corona, CA","Management, IT, RME, HR",No Response,No Response,No Response,4,0,0,0,0,0,0,ok,,easy starter job work,fast paced employment depends management,0.4333333333,0.8333333333,0.2,0.6,positive,positive
28,2025-03-31,2025,2025-03,Regular,Current Employee,0,Illescas,"Management, IT, RME, HR",No Response,No Response,No Response,3,5,3,3,2,3,3,amazon fulfillment center,,seguridad companerismo comodidad rotativos adaptabilidad,trabajo cansado fines de semana no posibilidad de cobrar mas,0,0,0,0,neutral,neutral
29,2025-03-31,2025,2025-03,Regular,Former Employee,0,"San Bernardino, CA",Stower,No Response,No Response,No Response,4,0,0,0,0,0,0,fun,,benefits not bad pay,no cons easy work people complain,0.35,0.6666666667,0.4333333333,0.8333333333,positive,positive
30,2025-03-31,2025,2025-03,Regular,"Current Employee, Less Than 1 Year",1,"Aurora, CO",Associate,No Response,No Response,No Response,5,0,0,0,0,0,0,fulfillment center,,flexible schedule day hour shifts low stress environment frequent overtime opportunity,monotonous work not particularly rewarding work work become slow january may,0.05,0.3,-0.275,0.7,neutral,negative
31,2025-03-31,2025,2025-03,Unknown,Former Employee,0,Coslada,"Management, IT, RME, HR",No Response,No Response,No Response,4,0,0,0,0,0,0,buen trabajo,,buen sueldo ambiente laboral agradable respeto por las normas de seguridad,descanso muy corto muchos jefes por lo que las ordenes pueden variar de uno otro puede confundir al empleado,0,0,0,0,neutral,neutral
32,2025-03-27,2025,2025-03,Regular,Current Employees,2,"Ottawa, ON",Associate,Negative,Approve,Negative,3,3,3,2,3,3,4,amazon warehouse associate,try focus employee engagement break barriers community race personal biases give opportunities employees grow rather nurturing neo slavery attitude many associates skilled experienced working warehouse due personal situation leadership give opportunity optimize skills experience rather taking advantage utilizing labor works,best class work environment experience working robotic environment competitive work benefits accommodations,much physical work not much job security pressure target work negatively impact physical mental health biased leadership not justify experience skills ability personal connections nepotism works training promotion preferred job roles,0.45,0.25,-0.08333333333,0.230952381,positive,neutral
33,2025-03-26,2025,2025-03,Regular,"Former Employee, Less Than 1 Year",1,"Edgemere, MD",Picker/Packer,Neutral,Approve,Positive,4,0,0,0,0,0,0,hard work decent pay,,good benefits decent time opportunities automatic hire without interview,management move around building lot top performer order picking moved pack nearly every day,0.4333333333,0.6333333333,0.3,0.45,positive,positive
34,2025-03-26,2025,2025-03,Part Time,"Former Employee, Less Than 1 Year",1,"San Antonio, TX",Associate,No Response,No Response,Positive,4,3,2,1,3,3,4,amzn,,pay want go college,lot work,0,0,0,0,neutral,neutral
35,2025-03-24,2025,2025-03,Regular,Current Employees,2,"Ajax, ON",Associate,Negative,No Response,Negative,3,4,4,1,1,4,3,salary,,good pay benefits good people safety first,biased management work like robots no growthopportunities,0.55,0.5111111111,0,0,positive,neutral
36,2025-03-20,2025,2025-03,Regular,Former Employee,0,"Grand Rapids, MI",Associate,No Response,No Response,No Response,3,0,0,0,0,0,0,amazon warehouse,,close home,gloves not strong enough,0,0,-0.1083333333,0.6166666667,neutral,negative
37,2025-03-19,2025,2025-03,Regular,Current Employee,0,"Tracy, CA","Management, IT, RME, HR",No Response,No Response,Negative,3,1,3,1,4,2,2,good experience,,good experience fresh college graduate,loud noise fulfillment center,0.5,0.55,0,0.45,positive,neutral
38,2025-03-19,2025,2025-03,Part Time,"Former Employee, Less Than 1 Year",1,"West Jefferson, OH",Associate,No Response,No Response,No Response,4,0,0,0,0,0,0,good place work seasonally,,name,name,0,0,0,0,neutral,neutral
39,2025-03-18,2025,2025-03,Contract,"Former Employee, Less Than 1 Year",1,"Brampton, ON",Associate,Positive,Approve,Positive,5,4,5,5,5,4,5,inbound receiving,,good work culture pay also events extracurriculam activity,quiet racist employee belong one group race,0.7,0.6,0,0.3333333333,positive,neutral
40,2025-03-18,2025,2025-03,Regular,Current Employees,2,"London, ON",Associate,No Response,No Response,No Response,5,5,5,5,5,5,5,satisfied,,work life balance benefits,mandatory extra time required,0,0,0,0.1,neutral,neutral
41,2025-03-13,2025,2025-03,Regular,Former Employee,0,Unknown,Associate,No Response,No Response,Positive,4,4,5,4,4,3,2,easy money,,pay benefits really good,toxic work environment favoritism,0.7,0.6,0,0,positive,neutral
42,2025-03-12,2025,2025-03,Part Time,Former Employee,0,"Mississauga, ON",Associate,No Response,No Response,No Response,4,0,0,0,0,0,0,good salary benefits,,attractive pay employee benefits,contractual basis hiring based business need,0.8,1,0,0,positive,neutral
43,2025-03-08,2025,2025-03,Regular,Current Employee,0,Unknown,"Management, IT, RME, HR",Positive,Approve,Positive,4,1,3,3,3,5,5,muy buena opcion de trabajo,tener coche propio ya que no hay manera de trasladarse en transporte publico,muy buenos beneficios exelente ambiente de trabajo ambiente de trabajo muy seguro posibilidad de hacer carrera dentro de la empresa,salario no esta mal pero se podria mejorar mucho mas para el trabajo que se hace alli horarios rotativos no te permite crear habitos saludables ya que constantemente estas cambiando tu rutina diaria trabajo fines de semana trabajo muy repetitivo,0,0,0,0,neutral,neutral
44,2025-03-07,2025,2025-03,Regular,Former Employees,4,"San Antonio, TX","Management, IT, RME, HR",Negative,Disapprove,Negative,2,1,4,1,3,1,1,culture terrible,,pay comparable ops,poor work life balance lack leadership stressful job no clear way promotion anyone help get,0,0,-0.225,0.4916666667,neutral,negative
45,2025-03-05,2025,2025-03,Regular,Current Employee,0,"Bolton, ON",Associate,No Response,No Response,No Response,4,0,0,0,0,0,0,easy work,,career choice program great way start new career good benefits,coworkers speak non english infront,0.5454545455,0.6015151515,0,0,positive,neutral
46,2025-03-03,2025,2025-03,Part Time,Current Employee,0,"Waukegan, IL",Associate,No Response,No Response,No Response,5,0,0,0,0,0,0,cool place work,,room excel position,extra shifts never available,0,0,-0.1,0.25,neutral,neutral
47,2025-03-03,2025,2025-03,Part Time,Current Employees,2,"Kent, WA",Associate,No Response,No Response,No Response,5,5,4,5,4,4,4,not bad,,choose hours work not bad get use,could moved around lot depending different departments sometimes hard find shifts want work,0.35,0.6666666667,-0.1458333333,0.5708333333,positive,negative
48,2025-03-03,2025,2025-03,Regular,Current Employees,2,Unknown,Associate,Neutral,Approve,Positive,3,2,5,3,3,5,5,review fulfillment centre st thomas,provide everyone equal chance make managers responsible towards associates bcz sometimes associates dont know actual information ask help managers say hr safety team hiring positions specially paprocess assistant learning needs evaluated based ground level performance not based connections relatives higher position get hired pa learning safety team needs responsible bcz mostly dont took actions managers needs productivity get promoted associates presurised maintain productivity compromise safety ultimately creates critical health issues associates associates got less work promoted learn new skills compared others favourite managers relatives plz stop fair everyone,pay benefits provide like maternity accommodation insurance,worklife balance continuous work without sitting almost location no public transportation lack chance promotion new skills show giving fair chance everyone not true ground level people certain community especially punjabis got promotions hr pa manager level lack support hr not giving proper information actually need safety ground level compromised managers bcz want productivity get promotion people always praised managers got extrabenefits work able learn new skills hardworking associates,0,0,0.1512012987,0.4922186147,neutral,positive
49,2025-03-02,2025,2025-03,Regular,Former Employees,2,"Bessemer, AL",Stower,Neutral,No Opinion,Negative,3,5,4,1,1,1,3,monotonous,understood safety risk thing rule something distract noise head hrs day day youre someone like kinda rough almost torturous let people listen music man lol,got plenty time mental stuff needed places would fired,company mightve contributed alot needed much time lmao,-0.1,0.2,0.4,0.6,neutral,positive
50,2025-03-01,2025,2025-03,Part Time,Current Employees,4,"Hawthorne, CA",Associate,No Response,No Response,No Response,5,0,0,0,0,0,0,alright,,great experience got see warehouse built ground,became repetitive point,0.8,0.75,-0.25,0.25,positive,negative
51,2025-03-01,2025,2025-03,Regular,Current Employees,6,Sydney,"Management, IT, RME, HR",No Response,No Response,Negative,1,4,1,1,2,1,1,workplace toxicity favoritism,apply practices preach ensure followed not employees lower tier organizations hierarchy train leaders make sure due deligence role training future leaders wont make bigger impact current leaders exercising bias toxic traits moving ladder,bit learning right place right team assigned right team member mentor,dont bother joining though no financial perks since dont casualcontract roles contract cleverly worded get work weekendsnight shifts without offering weekendnight shift allowances no oncall pay either reimburse mobile bills seen culture departments excessive flattery towards leadership playing office politics seeking favoritism leadership appeasing leadership personal gain unhealthy admiration authority prioritizing leadership approval team collaboration performing leadership rather contributing meaningfully dysfunctional work environment hostile workplace dynamics unhealthy team culture negative organizational climate counterproductive work atmosphere culture fear favoritism lack psychological safety workplace unprofessional unsupportive work environment workplace toxicity favoritism,0.2857142857,0.5357142857,-0.07592592593,0.5037037037,positive,neutral
52,2025-03-01,2025,2025-03,Regular,Former Employees,2,"Whitestown, IN",Associate,Positive,Approve,Positive,4,4,1,5,1,5,5,pros cons,better pay hire opportunity insurance employees,good place work lots hours keep busy no time,cons low pay no insurance temp service position,0.4,0.45,0,0.3,positive,neutral
53,2025-02-27,2025,2025-02,Regular,Former Employees,4,Unknown,"Management, IT, RME, HR",No Response,Disapprove,Negative,1,1,2,1,1,1,1,promote based results not yes man,value honesty ethics treat people better promote based results not politics set regional records unable get promoted since wouldnt lie hr situations agm apart shady,stocks given bonuses take years fully vest negative,expectation work days per week always available via phone even work hours expected youre home upper management promotions based achievements team response not yes man last gmagm extremely unethical promoted people would lie also fudged numbers,-0.3,0.4,0.035,0.3733333333,negative,neutral
54,2025-02-26,2025,2025-02,Regular,Former Employee,0,"Dallas, TX",Stower,No Response,No Response,No Response,3,0,0,0,0,0,0,monotonous,,easy job move desired,physically demanding care rates,0.4333333333,0.8333333333,0,0.1428571429,positive,neutral
55,2025-02-26,2025,2025-02,Regular,Current Employees,2,"St. Thomas, ON","Management, IT, RME, HR",Positive,Approve,Positive,5,5,5,5,5,5,5,fastpaced work good benefits,improve break times workload balance reduce fatigue increase employee retention,competitive pay benefits opportunity career growth fastpaced active work environment teamoriented workplace culture training provided no experience required,repetitive tasks exhausting,-0.1333333333,0.6,-0.325,0.375,negative,negative
56,2025-02-25,2025,2025-02,Regular,Former Employee,0,"Illiopolis, IL","Management, IT, RME, HR",No Response,No Response,No Response,3,0,0,0,0,0,0,meh,,insane scope opportunities perks part huge company,untalented people sr positions gone far playing politics hard advance dont agreeable personanlity,-0.3,0.95,-0.09583333333,0.7708333333,negative,neutral
57,2025-02-25,2025,2025-02,Regular,"Former Employee, Less Than 1 Year",1,"Joliet, IL",Associate,Neutral,No Opinion,Positive,4,2,5,3,5,4,5,former amazon warehouse employee,,pay peak timebonus payhours chill staff,labor lack available resourcespeople workers requests troubles job apppay,0,0,0.4,0.4,neutral,positive
58,2025-02-25,2025,2025-02,Freelance,Former Employees,2,"San Francisco, CA","Management, IT, RME, HR",No Response,No Response,No Response,5,5,5,5,5,5,5,good income,,flexible schedule adjust time,much competition sometimes gotta lower prices much get deal not good profit,0,0,0.01666666667,0.3333333333,neutral,neutral
59,2025-02-25,2025,2025-02,Regular,Current Employee,0,"Swindon, Wiltshire, South West England, England",Associate,Positive,Approve,Positive,5,5,5,5,5,5,5,best place work,,good working environment good pay,heavy lifting sometimes stressful,0.7,0.6,-0.2,0.5,positive,negative
60,2025-02-21,2025,2025-02,Regular,Former Employee,0,"Fort Wayne, IN",Picker/Packer,No Response,No Response,No Response,3,0,0,0,0,0,0,picker pay,,easiest job ever,get rid whenever want,0,0,0,0,neutral,neutral
61,2025-02-21,2025,2025-02,Regular,Former Employees,4,Orléans,"Management, IT, RME, HR",No Response,No Response,No Response,5,4,5,5,5,5,5,super experience,,tres bonne ecole salaires genereux et cb avantageux,demande un investissement personnel important,0,0,0.4,1,neutral,positive
62,2025-02-19,2025,2025-02,Contract,"Former Employee, Less Than 1 Year",1,"Koblenz, Rhineland-Palatinate","Management, IT, RME, HR",Negative,No Response,Positive,1,2,3,3,1,1,2,befristet fur monate,ehrliche security mitarbeiter anstellen,angemessen bezahlt und es gibt kein dresscode bis auf stahlkappenschuhe verbot,die security nervt ich wei jemand von denen hat einen sender von dem magnet tor wo man rein und raus geht das tor hat sogar dann gepiepst als ich metal hatte,0,0,0,0,neutral,neutral
63,2025-02-18,2025,2025-02,Regular,Current Employees,4,"San Antonio, TX",Associate,Neutral,Approve,Positive,4,4,4,3,4,3,3,fulfillment worker,,name,name,0,0,0,0,neutral,neutral
64,2025-02-18,2025,2025-02,Regular,Current Employees,9,"Carrollton, TX","Management, IT, RME, HR",Positive,No Opinion,Positive,4,3,3,3,2,4,3,senior program manager lean methodologies learning quality excellence driving operational efficiency,trust team get job done reward,growth development relationships innovation fun actual work awesome,cons would job,0.4333333333,0.4333333333,0,0,positive,neutral
65,2025-02-18,2025,2025-02,Regular,Current Employee,0,"Brampton, ON",Associate,No Response,No Response,No Response,5,0,0,0,0,0,0,good,,good benefits environment team work great pay,dont think downside,0.75,0.675,0,0,positive,neutral
66,2025-02-18,2025,2025-02,Regular,Former Employees,2,"San Bernardino, CA",Associate,Positive,Disapprove,Negative,2,1,3,1,3,1,2,high pressure perform difficult maintain safety standards,hr protective youre losing connection workers allow unions people feel safe work build career,needed job fast onboarding fast skills requirements low pay local average fun work robotics fulfillment center,metrics always part work experience day day optimizations pas always coming give feedback make seem like matters numbers focus numbers output focus focus focus problem even though could great kept high quality maintaining speed quality really draining especially hour shifts industrial environment literally sometimes none neighbors talk pass long day repetitive tasks thats another thing physical mental aspect repetitious task not mentally draining despite regular safety meetings warnings signs plastered place theres much pressure increase performance consistently lots people cutting corners keep getting canned ended repetitive motion injury hand due pulling items cubbies basically already covered policies theres nothing grin bear recommendation educate safety policies speak loudly frequently group settings feel something isnt safe keep leadership accountable dont push physically meet numbers difficult youve got bills pay not worth long term mobility health build skills find work another company respects body,0.06428571429,0.3142857143,0.00880952381,0.389411303,neutral,neutral
67,2025-02-18,2025,2025-02,Regular,Current Employees,2,"Bellevue, WA","Management, IT, RME, HR",No Response,No Response,No Response,3,0,0,0,0,0,0,good,,good work lot learn,much work no work life balance,0.7,0.6,0.2,0.2,positive,positive
68,2025-02-17,2025,2025-02,Part Time,"Former Employee, Less Than 1 Year",1,"Portland, OR",Associate,No Response,No Response,No Response,3,4,0,0,3,0,0,not proper training,,good pay shift options benefits,not able train well employees,0.7,0.6,-0.25,0.625,positive,negative
69,2025-02-17,2025,2025-02,Regular,"Former Employee, Less Than 1 Year",1,"Etna, OH",Associate,Positive,Approve,Positive,5,4,5,4,4,5,5,great opportunity awesome benefits,hire back didnt know gone regret leaving,benefits amazon atoz app worked great thorough simple work repetitive made time fly,decent bit people didnt speak much english would hard communicate sometimes everyone helpful needed,0.3375,0.5642857143,-0.04166666667,0.4027777778,positive,neutral
70,2025-02-13,2025,2025-02,Intern,Former Employee,0,"Tampa, FL","Management, IT, RME, HR",No Response,No Response,No Response,4,0,0,0,0,0,0,hr partner intern amazon,,good pay benefits interns,since site hours may get night shift,0.7,0.6,0,0,positive,neutral
71,2025-02-12,2025,2025-02,Contract,Former Employee,0,"Brampton, ON",Associate,No Response,No Response,No Response,2,0,0,0,0,0,0,good not great,,daytime hours good worklife balance,nighttime shift absolute mess,0.7,0.6,0.0125,0.5375,positive,neutral
72,2025-02-11,2025,2025-02,Intern,Former Employee,0,"Spokane, WA","Management, IT, RME, HR",No Response,No Response,No Response,4,0,0,0,0,0,0,get put,,hands work real experience managing associates,overwork interns like associate dont differentiate advocate work,0.2,0.3,0,0,positive,neutral
73,2025-02-10,2025,2025-02,Part Time,"Current Employee, Less Than 1 Year",1,Paderborn,Associate,No Response,No Response,No Response,5,5,5,5,5,5,5,great working place starters,,fixed hours parttime fulltime available,pay overtime,0.25,0.3,0,0,positive,neutral
74,2025-02-07,2025,2025-02,Regular,Former Employees,2,"Brampton, ON",Associate,Positive,Approve,Positive,5,4,4,4,4,4,4,good salary difficult targets,listen employees,provide healthy salary every six months salary hike good benefits,ask difficult targets internal politics still exist,0.6,0.55,-0.25,0.5,positive,negative
75,2025-02-06,2025,2025-02,Part Time,Current Employees,4,"Delta, BC",Associate,Positive,Approve,Positive,4,5,5,4,5,4,5,amazon job,,good schedule good pay,heavy work load long shifts,0.7,0.6,-0.125,0.45,positive,negative
76,2025-02-06,2025,2025-02,Contract,"Current Employee, Less Than 1 Year",1,"Gateshead, England",Associate,Neutral,Approve,Positive,5,5,5,5,5,5,5,best pay rate,,good management best work culture nice colleagues,shift patterns break timings team leads,0.7666666667,0.6333333333,0,0,positive,neutral
77,2025-02-04,2025,2025-02,Regular,Current Employees,4,"Delta, BC",Associate,Negative,Disapprove,Negative,1,1,4,1,1,1,2,hard pass,focus taking care people driving productivity acknowledge successful,job paid bills makes really appreciate working somewhere else,cared increasing productivity not people whoever coined equality opportunity employees needs look definition save physical mental well look employment elsewhere,0.2,0.2,-0.05,0.1714285714,positive,neutral
78,2025-02-03,2025,2025-02,Regular,Current Employee,0,"Boston, MA","Management, IT, RME, HR",No Response,No Response,No Response,4,3,4,4,4,4,4,not technical job,,want smooth start work think good idea,internal promotion bit difficult may take long time,0.55,0.55,-0.1833333333,0.4666666667,positive,negative
79,2025-01-28,2025,2025-01,Part Time,Current Employee,0,El Prat de Llobregat,"Management, IT, RME, HR",No Response,No Response,No Response,4,4,4,4,4,4,4,sueldo base amazon tecnico rme,,horario flexible muchos pluses en fin de semana,el metro tarda mucho en llegar al prat,0,0,0,0,neutral,neutral
80,2025-01-28,2025,2025-01,Regular,Former Employees,2,"Chattanooga, TN",Picker/Packer,No Response,No Response,No Response,4,0,0,0,0,0,0,good beginner job,,job not hard people friendly helpful,hour work days busy times,0.2604166667,0.5208333333,0.1,0.3,positive,neutral
81,2025-01-23,2025,2025-01,Regular,Former Employees,4,"Mississauga, ON","Management, IT, RME, HR",Negative,Approve,Positive,2,1,3,2,2,2,3,great benefits sign deteriorate rapidly first year,,fast paced challenging great learning opportunities great overall benefits day,hectic hours little flexibility pay structure call culture leads internal fights show better,0.46,0.62,0.1041666667,0.3333333333,positive,positive
82,2025-01-17,2025,2025-01,Regular,Former Employee,0,Unknown,"Management, IT, RME, HR",Neutral,No Opinion,Positive,3,3,3,2,1,2,4,deal good job,,simple not complicated,high expectations comes petty drama,0.125,0.6785714286,0.16,0.54,positive,positive
83,2025-01-16,2025,2025-01,Part Time,"Current Employee, Less Than 1 Year",1,Euskirchen,"Management, IT, RME, HR",No Response,No Response,No Response,5,0,0,0,0,0,0,amazing,,gute leitungen gute mitarbeitern gute arbeit,es gibt keine kontras fur der arbeit,0,0,0,0,neutral,neutral
84,2025-01-15,2025,2025-01,Part Time,Former Employee,0,"Warrington, North West England, England",Associate,No Response,No Response,No Response,3,0,0,0,0,0,0,good place learn,,develops strong work ethic employees,no consideration human feeling within workplace,0.4333333333,0.7333333333,0,0.1,positive,neutral
85,2025-01-11,2025,2025-01,Regular,"Former Employee, Less Than 1 Year",1,"Hamilton, ON",Associate,Positive,No Opinion,Positive,3,5,4,3,3,4,4,amazon fc hamilton great place work,eliminate hiring freeze,made mistake leaving never hard job well worth,cant get rehired arent hiring last,0.2229166667,0.3208333333,0,0.06666666667,positive,neutral
86,2025-01-11,2025,2025-01,Regular,Former Employees,2,"Dallas, TX",Associate,No Response,No Response,Negative,3,1,3,3,2,2,3,dont get comfortable,,pay not bad paid weekly,work like dog regardless age ability retention rate ridiculous managers always quit moved around,0.35,0.6666666667,-0.3333333333,1,positive,negative
87,2025-01-11,2025,2025-01,Regular,"Current Employee, Less Than 1 Year",1,"Huntley, IL","Management, IT, RME, HR",Positive,Approve,Positive,3,3,5,2,5,5,5,hard work,move people around get break positions give equal work everyone manager favors groups people,work friends sometimes take time job comes benefits,lot work body depending youre placed youre thing hours straight lifting heavy heavy boxes,0,0,-0.06666666667,0.4666666667,neutral,neutral
88,2025-01-10,2025,2025-01,Part Time,Current Employee,0,"Edison, NJ",Stower,No Response,No Response,No Response,3,2,3,3,3,3,4,rating,,make hours good pay free food sometimes,receptive brain mush boring physically mentally draining,0.55,0.7,-0.55,0.6,positive,negative
89,2025-01-10,2025,2025-01,Regular,Current Employees,4,"Hamilton, ON",Associate,Positive,Approve,Negative,3,4,4,4,4,4,4,amazing company,kind,benefit vacation tpo,big loads hard hours long,0,0,-0.1138888889,0.3472222222,neutral,negative
90,2025-01-10,2025,2025-01,Regular,Former Employees,2,"Grimes, IA",Associate,Negative,Disapprove,Negative,3,3,2,2,3,1,4,heavy lifting,,ok money good supervisors swag bucks,heavy lifting safety concern dont expect care pay injuries,0.6,0.55,-0.2,0.5,positive,negative
91,2025-01-09,2025,2025-01,Regular,"Former Employee, Less Than 1 Year",1,"Wilmington, DE",Associate,No Response,No Response,No Response,4,0,0,0,0,0,0,fulfillment center warehouse associate review amazon mtn wilmington,streamline workflows reduce strain peak seasons enhance recognition programs boost morale provide better training new current associates act employee feedback improve job satisfaction,competitive pay benefits healthcare k stock options opportunities career advancement skill development fastpaced engaging work environment supportive team culture approachable management job stability global company,physically demanding especially peak seasons long shifts limited break times fluctuating workload sometimes stressful noisy warehouse environment,0.3,0.5666666667,-0.03035714286,0.4214285714,positive,neutral
92,2025-01-08,2025,2025-01,Regular,"Current Employee, Less Than 1 Year",1,"Monroe, OH",Picker/Packer,Positive,Approve,Positive,2,1,5,1,1,1,1,terrible,stop flirting employees trying get way,pay good thats pretty much,lot drama know wanna even get different roll still paid,0.3833333333,0.6,0,0.6,positive,neutral
93,2025-01-08,2025,2025-01,Part Time,"Current Employee, Less Than 1 Year",1,"Lubbock, TX",Associate,No Response,No Response,Positive,4,5,4,3,3,4,4,good part time opportunity,,job repetitive relatively easy learn hr onsite helpful,job physically demanding get used isnt bad work ethic varies greatly hard work not appreciated besides compliments managers,0.09166666667,0.5416666667,-0.2729166667,0.362797619,neutral,negative
94,2025-01-03,2025,2025-01,Regular,Former Employees,2,"Orlando, FL",Associate,Positive,Disapprove,Negative,3,2,4,3,2,3,4,mco stow,stowers waterspiders not indirect role really need little bit directionlabor tracking,decent pay type work great benefits insurance k company stock educationcareer choice generous timeoff policy plenty people get know people person,physically demanding keeping job depends rate rate depend waterspider may not care not enough workgood work make rate stay bottom,0.4833333333,0.7083333333,0,0.3214285714,positive,neutral
95,2025-01-02,2025,2025-01,Part Time,Current Employee,0,"Robbinsville, NJ",Associate,No Response,No Response,No Response,3,5,3,2,1,1,5,okay,,pays bills guess,flex flex thing really annoying,0,0,-0.8,0.9,neutral,negative
96,2025-01-01,2025,2025-01,Regular,Former Employees,4,"Etna, OH",Associate,Neutral,No Opinion,Positive,3,4,3,3,3,4,4,good place,management keeps rotating,work terms,heavy items slow season,0,0,-0.25,0.45,neutral,negative
97,2024-12-29,2024,2024-12,Contract,"Current Employee, Less Than 1 Year",1,"Manchester, England",Associate,Positive,Approve,Positive,5,5,5,5,5,5,5,unkn,management good,good nice culture,need improve salary range,0.65,0.8,0,0,positive,neutral
98,2024-12-29,2024,2024-12,Part Time,Former Employee,0,"Dallas, TX",Associate,No Response,No Response,Positive,5,0,0,0,0,0,0,good place work,stay cat walk,benefits starts day,standing long period times short lunches,0,0,-0.025,0.35,neutral,neutral
99,2024-12-27,2024,2024-12,Part Time,Former Employees,2,"Greenfield, IN","Management, IT, RME, HR",Neutral,No Opinion,Negative,2,3,2,3,2,2,5,wasnt greatest,,pay good time accumulating every shift nice,really didnt care workers worked bathroom breaks like not acceptable,0.65,0.8,0.2,0.2,positive,positive
100,2024-12-25,2024,2024-12,Regular,"Former Employee, Less Than 1 Year",1,"Orlando, FL",Associate,Negative,Disapprove,Negative,1,2,1,1,1,1,5,not worth weather long shifts,dont tell incoming employees youll offer bonuses say sike get hired,simple day work week,hour shifts deal heat rain,0,0.3571428571,0,0,neutral,neutral
101,2024-12-25,2024,2024-12,Part Time,Current Employee,0,Unknown,Associate,Positive,Approve,Positive,3,3,2,3,3,2,4,decent,,decent pay job nothing crazy,part time get mins break,-0.2166666667,0.7833333333,0,0,negative,neutral
102,2024-12-17,2024,2024-12,Regular,Current Employee,0,"Scarborough, ON",Associate,No Response,No Response,No Response,5,5,5,5,5,5,5,nice place work,,gain alot knowledge,ready stand whole shift,0,0,0.2,0.45,neutral,positive
103,2024-12-17,2024,2024-12,Regular,Current Employees,20,"Charleston, TN",Associate,No Response,No Response,Positive,5,5,4,5,5,5,5,great benefits,,mutiple time options average health insurance options,small department not lot room move without moving,-0.15,0.4,-0.25,0.4,negative,negative
104,2024-12-16,2024,2024-12,Regular,Former Employees,2,"London, ON",Associate,No Response,No Response,Positive,4,4,5,4,4,4,5,,,good benefits good pay celebrations,repetitive work inappropriate rules partiality,0.7,0.6,-0.25,0.25,positive,negative
105,2024-12-16,2024,2024-12,Regular,Current Employees,4,"San Bernardino, CA","Management, IT, RME, HR",No Response,No Response,No Response,1,1,1,1,1,1,1,physically demanding job,,lots overtime worked hoursweek,cons pros website doesnt allow copy response,0,0,0,0,neutral,neutral
106,2024-12-15,2024,2024-12,Part Time,Current Employees,2,"Sparrows Point, MD",Associate,Positive,Disapprove,Positive,4,3,3,3,3,3,4,decent pay,,freedom opportunities career choice decent pay,physically tiring poor training not enough benefits,0.1666666667,0.6666666667,-0.1333333333,0.4142857143,positive,negative
107,2024-12-15,2024,2024-12,Regular,Former Employees,2,"Rugeley, England","Management, IT, RME, HR",No Response,No Response,No Response,1,1,1,3,1,1,3,cold,,good managers lot overtime available,cold warehouse lonely isolating job,0.55,0.5,-0.35,0.85,positive,negative
108,2024-12-14,2024,2024-12,Regular,Current Employees,2,"St. Thomas, ON",Associate,Positive,Approve,Positive,5,4,5,5,5,3,4,pay,,good pay rate associates,lot internal politics amazon warehouses,0.7,0.6,0,0,positive,neutral
109,2024-12-12,2024,2024-12,Regular,Current Employee,0,"Council Bluffs, IA",Associate,No Response,No Response,No Response,5,0,0,0,0,0,0,good place,,good place start warehouse job,temperature little chilly,0.7,0.6,-0.39375,0.7,positive,negative
110,2024-12-11,2024,2024-12,Regular,Former Employees,2,"Jeffersonville, IN",Associate,No Response,No Response,No Response,3,0,0,0,0,0,0,boring,,pto work every night,lots turn monotonous,0,0,0,0,neutral,neutral
111,2024-12-08,2024,2024-12,Regular,Former Employees,4,"Goodyear, AZ",Associate,No Response,No Response,No Response,4,4,5,4,5,5,5,amazon,,really good benefits,jobs get overwhelming,0.7,0.6,0.5,1,positive,positive
112,2024-12-07,2024,2024-12,Regular,Current Employee,0,"Leeds, England",Associate,No Response,No Response,No Response,4,0,0,0,0,0,0,good job pay,,easy not much weight handle,long shifts stationed one place,0.1666666667,0.5166666667,-0.05,0.4,positive,neutral
113,2024-12-05,2024,2024-12,Regular,Current Employees,4,"Edmonton, AB",Associate,No Response,No Response,Negative,3,1,3,3,3,2,3,good money hardwork,,good money better average job,favouritism no appreciation work youll get less work less give,0.35,0.5,-0.1666666667,0.06666666667,positive,negative
114,2024-12-04,2024,2024-12,Regular,Current Employees,9,"Windsor, CT",Picker/Packer,Positive,No Opinion,Positive,3,1,3,3,3,3,5,hard work,,fast advancements great benefits,high turnover not much accountability long hours holiday season,0.5,0.675,0.003333333333,0.38,positive,neutral
115,2024-12-03,2024,2024-12,Part Time,Current Employees,2,"Avenel, NJ",Associate,Positive,Approve,Positive,3,3,3,3,3,3,3,not bad,lower rate increase pay give shifts,simple work required,rate per hour slightly unreasonable due fact items heavy total harder walk around pushing heavy cart,0,0.3571428571,-0.1319444444,0.3819444444,neutral,negative
116,2024-12-03,2024,2024-12,Regular,Current Employees,4,"Saint Louis, MO",Stower,Negative,Disapprove,Negative,1,1,3,1,3,1,1,good benefits bad work culture,humans lives outside work somebodys child wife husband father mother grandparent not robots machines use toss away whenever feel like us amazon one choices make living families,great benefits flexible lots different positions try incase dont like main role free holiday meals year come leave work whenever want using unpaid time pto lay school offer career programs although tests get difficult,forced mandatory extra time met days hours regular shift days hours get forced cross trained get labor shares different departments wether like position not high expectations making rates position managers anyone lead positions micromanage breathe neck always getting watched judged everyone shut minimal concern nobody cares care saving behind get hurt well better pray dont amcare send doctor lie say werent hurt dont pay injury sue departments strict find reasons write use break time get back station sign scan something end break get trouble use break time walking break area far restrooms dont forget need use break time come back break time youll get trouble,0.1777777778,0.6472222222,-0.06533333333,0.3277948718,positive,neutral
117,2024-12-02,2024,2024-12,Regular,Former Employee,0,"Orlando, FL",Picker/Packer,No Response,No Response,No Response,3,0,0,0,0,0,0,amazon,,lot hard work,care numbers,-0.2916666667,0.5416666667,0,0,negative,neutral
118,2024-11-30,2024,2024-11,Part Time,Current Employees,2,"Ottawa, ON",Associate,No Response,Approve,Positive,5,4,5,5,5,5,5,amazon review,,good base pay health benefits paid vacation,work heavy sometimes need physical strength,-0.05,0.8,-0.1,0.3214285714,neutral,neutral
119,2024-11-29,2024,2024-11,Regular,"Current Employee, Less Than 1 Year",1,"Coconut Creek, FL",Picker/Packer,No Response,Approve,Positive,5,5,5,0,5,0,0,loved working,focus employee wellbeing encourage balance productivity employee health consider frequent breaks ergonomic assessments wellness programs,employment stability competitive pay benefits diverse workforce,physical demands management challenges monotonous tasks high turnover rates fast spaced environment,0,0,0.12,0.4276190476,neutral,positive
120,2024-11-27,2024,2024-11,Regular,Former Employee,0,"Charlotte, NC",Picker/Packer,No Response,No Response,No Response,5,0,0,0,0,0,0,pay good work sometimes bit boring,,paid hour u stay long enough u get better pay well least,ive heard treat ya like number robot,0.0375,0.45,0,0,neutral,neutral
121,2024-11-26,2024,2024-11,Regular,"Former Employee, Less Than 1 Year",1,"Calgary, AB","Management, IT, RME, HR",Positive,No Opinion,Positive,4,2,5,5,3,3,5,great place start oit,,great benefits great people work,work physically demanding,0.8,0.75,0,0.1428571429,positive,neutral
122,2024-11-23,2024,2024-11,Regular,"Former Employee, Less Than 1 Year",1,"Sioux Falls, SD","Management, IT, RME, HR",Positive,Approve,Positive,4,3,4,4,4,4,3,salary amazon,,good pay company lovely colleagues,much heat lot noise,0.6,0.675,0.2,0.2,positive,positive
123,2024-11-20,2024,2024-11,Regular,Former Employee,0,"St. Thomas, ON",Associate,No Response,No Response,No Response,2,3,4,1,2,2,1,nothign,,good pay nice shift hours,politics partiality play major role,0.65,0.8,0.0625,0.5,positive,neutral
124,2024-11-19,2024,2024-11,Regular,Former Employees,2,"Dartford, England","Management, IT, RME, HR",No Response,No Response,No Response,3,1,4,3,4,3,3,general,,flexible working schedules good pay,extremely physical employees treated machine sometimes,0.7,0.6,0,0.1428571429,positive,neutral
125,2024-11-18,2024,2024-11,Regular,Former Employee,0,"Ottawa, ON",Associate,No Response,No Response,No Response,1,1,1,1,1,1,1,review,treat associates respect dignity foster supportive environment especially challenging times ensure fair treatment employees including dealing workrelated injuries,good benefits valuable working experience opportunities learn grow,poor management support lack understanding personal hardships unfair treatment injured job highpressure environment unrealistic expectations times,0.7,0.6,-0.35,0.725,positive,negative
126,2024-11-10,2024,2024-11,Regular,Current Employee,1,"Carlislie, PA",Associate,Positive,No Opinion,Positive,4,4,5,1,5,3,4,great perks,,good benefits great timeoff options good pay career choice flex shift day work week,hour shifts occasional mandatory overtime work usually boring andor hard pressure meet rate timeofftask,0.7333333333,0.65,-0.4305555556,0.5555555556,positive,negative
127,2024-11-04,2024,2024-11,Regular,Former Employee,3,"Calgary, AB","Management, IT, RME, HR",Neutral,No Opinion,Negative,3,1,5,3,5,3,1,good pay bad work life balance,witnessed blatant nepotism tenure practice seek understands,base pay good benefits decent,amount hours tasks projects makes easy burnt feel underpaid year night rotations expect work hour weeks constantly performance based numbers feedback given bottom even entire team well,0.02222222222,0.7555555556,0.1444444444,0.5972222222,neutral,positive
128,2024-10-27,2024,2024-10,Regular,Former Employee,1,"Dartford, England","Management, IT, RME, HR",Neutral,No Opinion,Negative,2,1,2,2,3,2,4,job,,form income meet quite lot nice associates provide quite bit overtime especially peak period get early limited spots,everything strictly monitored instances penalised even going bathroom operations unrealistic expectations targets theyre mostly unobtainable unless cheat system slightly team leaders managers leave sometimes leave work associates extra breaks,0.1571428571,0.6107142857,-0.04166666667,0.4416666667,positive,neutral
129,2024-10-25,2024,2024-10,Regular,Former Employee,1,"Montreal, QC",Associate,Positive,Positive,Positive,5,5,5,5,5,5,5,good times,,flexible timing no dress code collaborative,distance safety warehouse job difficult,0,0,-0.5,1,neutral,negative
130,2024-10-22,2024,2024-10,Regular,Former Employee,1,"Baltimore, MD",Associate,Positive,No Opinion,Negative,2,1,5,2,2,2,5,good like concentration like labor,stop playing favorites promotion actually promote qualified people,good consistent pay many opportunities earn cash peak season,insane amount work concentration camp like labor,0.4833333333,0.45,-1,1,positive,negative
131,2024-10-22,2024,2024-10,Regular,Former Employee,1,"Kansas City, KS",Associate,Positive,Positive,Positive,3,3,5,4,3,4,4,high turnover,,comprehensive benefits flexible work hours,standing working daylong hours stress high turnover rate,0,0,0.16,0.54,neutral,positive
132,2024-10-21,2024,2024-10,Regular,Former Employee,8,"Haslet, TX","Management, IT, RME, HR",Negative,No Opinion,Negative,3,3,4,3,3,3,4,previously,plan continuously develop support subordinates role especially promoting within department along changes expectations position dramatically alter team dynamic work load time example department management not back filled upon departure company team needs coordinated effort balance responsibilities leadership department practical realistic plan attainable persons respective shift,pto upt vacation options time pay decent support colleagues department leadership stocks granted l hourly,extra responsibilities pseudo area manager due department manager departing company not back filling role nightshift schedule wage increases stagnant experience downsides hourly employee also expected area manager without training planexperience salaried l role,0.1666666667,0.6666666667,-0.05625,0.21875,positive,neutral
133,2024-10-19,2024,2024-10,Regular,Former Employee,3,"Swedesboro, NJ","Management, IT, RME, HR",Neutral,No Opinion,Neutral,3,2,4,2,2,2,3,hard work great benefits,,amazing hard working folks trying improve lot life forged lasting relationships,hard work feet hrs per day managers get bonus work dont really physically no bonuses packers pit drivers trainers pas,0.1027777778,0.4805555556,-0.1458333333,0.3422619048,positive,negative
134,2024-10-18,2024,2024-10,Regular,Current Employee,1,"Springfield, VA","Management, IT, RME, HR",Neutral,No Opinion,Negative,3,2,3,3,4,2,4,great experience operations,,quickly learn lead large scale operations grow interpersonal skills pay not great fair promote l get increase total comp takes year two depending business line placed,no control schedule especially busy season often work long hours deal team rather not give best effort cases graded metrics not fully control ie rate team score daily surveys leadership skills often rushed team used way get back,0.1695238095,0.6657142857,0.23,0.26,positive,positive
135,2024-10-14,2024,2024-10,Regular,Current Employee,1,"Wakefield, England",Picker/Packer,Negative,No Opinion,Negative,4,4,4,2,4,2,3,tough work okay company,take peoples health seriously,flexible working bus service get work okay pay chance train better roles lucky dip progress befriending management,strict targets not disability confident dull work,0.4444444444,0.6111111111,0.1041666667,0.6666666667,positive,positive
136,2024-10-14,2024,2024-10,Regular,Former Employee,1,"Wakefield, England",Associate,Neutral,No Opinion,Negative,2,1,3,3,3,2,4,targets reach unreasonable,understanding would nice example job demanding body even days knackered not hitting daily target not issue every time,lots overtime available want,physically demanding depending get stationed also cold depending station managers want unreasonable targets targets impossible busy season christmas prime week bus times not flexible get minutes shift,0.4,0.4,-0.2916666667,0.6107142857,positive,negative
137,2024-10-09,2024,2024-10,Regular,Current Employee,1,"Kent, WA",Picker/Packer,Negative,No Opinion,Negative,3,2,2,3,3,1,2,entry level position,not management created equal exceptional willing help present job,rather simple apply start job good starting wage,feet working hours not career choice would recommend wear tear body,0.2333333333,0.3523809524,0,0,positive,neutral
138,2024-10-08,2024,2024-10,Regular,Former Employee,1,"Ottawa, ON",Associate,Positive,Positive,Negative,5,5,3,4,4,5,5,warehouse associate review,focus safety employees,good pay easy get leave,hard work monotonous work hour shift,0.5666666667,0.7166666667,-0.2916666667,0.5416666667,positive,negative
139,2024-10-06,2024,2024-10,Regular,Former Employee,5,Dandenong South,"Management, IT, RME, HR",Negative,Positive,Negative,2,3,1,1,1,2,1,limited growth,get rid people think way dont allow another way would work better,occasional discounts parking ok,limited scope growth plenty favoritism discrimination promotion based know know,0.25,0.3125,-0.07142857143,0.1428571429,positive,neutral
140,2024-09-24,2024,2024-09,Regular,Former,1,"Daventry, England","Management, IT, RME, HR",Positive,No Opinion,Positive,4,4,3,4,4,3,5,okay,,good training support starting tracked performance isnt scary think progression possible push,roles involve solo work lonely unless form friendships,0.05,0.675,-0.1,0.7,neutral,neutral